newspaper,person,name_variation,page_number,date,url,previous page
estadao,Carlos Fernando da Costa Almeida de Paiva Nascimento,Carlos+Nascimento,574,"10/09/2017, DOMINGO, PÁGINA co05",https://acervo.estadao.com.br/pagina/#!/20170910-45253-spo-65-opr-co05-not/busca/Nascimento,https://acervo.estadao.com.br/procura/busca.php?&busca=Carlos+Nascimento&decade=2010%7C2010&page=574
estadao,Carlos Fernando da Costa Almeida de Paiva Nascimento,Carlos+Nascimento,574,"10/09/2017, DOMINGO, PÁGINA co05",https://acervo.estadao.com.br/pagina/#!/20170910-45253-nac-65-opr-co05-not/busca/Nascimento,https://acervo.estadao.com.br/procura/busca.php?&busca=Carlos+Nascimento&decade=2010%7C2010&page=574
estadao,Carlos Fernando da Costa Almeida de Paiva Nascimento,Carlos+Nascimento,574,"07/10/2017, SÁBADO, PÁGINA d3",https://acervo.estadao.com.br/pagina/#!/20171007-45280-spo-55-esp-d3-not/busca/Nascimento,https://acervo.estadao.com.br/procura/busca.php?&busca=Carlos+Nascimento&decade=2010%7C2010&page=574
estadao,Carlos Fernando da Costa Almeida de Paiva Nascimento,Carlos+Nascimento,574,"07/10/2017, SÁBADO, PÁGINA d3",https://acervo.estadao.com.br/pagina/#!/20171007-45280-nac-55-esp-d3-not/busca/Nascimento,https://acervo.estadao.com.br/procura/busca.php?&busca=Carlos+Nascimento&decade=2010%7C2010&page=574
estadao,Carlos Fernando da Costa Almeida de Paiva Nascimento,Carlos+Nascimento,574,"04/10/2017, QUARTA-FEIRA, PÁGINA a3",https://acervo.estadao.com.br/pagina/#!/20171004-45277-nac-3-edi-a3-not/busca/nascimento,https://acervo.estadao.com.br/procura/busca.php?&busca=Carlos+Nascimento&decade=2010%7C2010&page=574
estadao,Carlos Fernando da Costa Almeida de Paiva Nascimento,Carlos+Nascimento,575,"04/10/2017, QUARTA-FEIRA, PÁGINA a3",https://acervo.estadao.com.br/pagina/#!/20171004-45277-spo-3-edi-a3-not/busca/nascimento,https://acervo.estadao.com.br/procura/busca.php?&busca=Carlos+Nascimento&decade=2010%7C2010&page=575
estadao,Carlos Fernando da Costa Almeida de Paiva Nascimento,Carlos+Nascimento,575,"04/10/2017, QUARTA-FEIRA, PÁGINA b14",https://acervo.estadao.com.br/pagina/#!/20171004-45277-spo-32-eco-b14-not/busca/nascimento,https://acervo.estadao.com.br/procura/busca.php?&busca=Carlos+Nascimento&decade=2010%7C2010&page=575
estadao,Carlos Fernando da Costa Almeida de Paiva Nascimento,Carlos+Nascimento,575,"06/09/2017, QUARTA-FEIRA, PÁGINA e7",https://acervo.estadao.com.br/pagina/#!/20170906-45249-spo-71-epl-e7-not/busca/nascimento,https://acervo.estadao.com.br/procura/busca.php?&busca=Carlos+Nascimento&decade=2010%7C2010&page=575
estadao,Carlos Fernando da Costa Almeida de Paiva Nascimento,Carlos+Nascimento,575,"06/09/2017, QUARTA-FEIRA, PÁGINA e7",https://acervo.estadao.com.br/pagina/#!/20170906-45249-nac-71-epl-e7-not/busca/nascimento,https://acervo.estadao.com.br/procura/busca.php?&busca=Carlos+Nascimento&decade=2010%7C2010&page=575
estadao,Carlos Fernando da Costa Almeida de Paiva Nascimento,Carlos+Nascimento,575,"15/10/2017, DOMINGO, PÁGINA ce02",https://acervo.estadao.com.br/pagina/#!/20171015-45288-spo-48-emp-ce02-not/busca/Nascimento,https://acervo.estadao.com.br/procura/busca.php?&busca=Carlos+Nascimento&decade=2010%7C2010&page=575
estadao,Carlos Fernando da Costa Almeida de Paiva Nascimento,Carlos+Nascimento,575,"15/10/2017, DOMINGO, PÁGINA c5",https://acervo.estadao.com.br/pagina/#!/20171015-45288-spo-39-cd2-c5-not/busca/Nascimento,https://acervo.estadao.com.br/procura/busca.php?&busca=Carlos+Nascimento&decade=2010%7C2010&page=575
estadao,Carlos Fernando da Costa Almeida de Paiva Nascimento,Carlos+Nascimento,575,"20/02/2016, SÁBADO, PÁGINA a17",https://acervo.estadao.com.br/pagina/#!/20160220-44685-spo-16-mrt-a17-not/busca/Nascimento,https://acervo.estadao.com.br/procura/busca.php?&busca=Carlos+Nascimento&decade=2010%7C2010&page=575
estadao,Carlos Fernando da Costa Almeida de Paiva Nascimento,Carlos+Nascimento,575,"20/02/2016, SÁBADO, PÁGINA a17",https://acervo.estadao.com.br/pagina/#!/20160220-44685-nac-16-mrt-a17-not/busca/Nascimento,https://acervo.estadao.com.br/procura/busca.php?&busca=Carlos+Nascimento&decade=2010%7C2010&page=575
estadao,Carlos Fernando da Costa Almeida de Paiva Nascimento,Carlos+Nascimento,575,"15/02/2016, SEGUNDA-FEIRA, PÁGINA c8",https://acervo.estadao.com.br/pagina/#!/20160215-44680-nac-34-cd2-c8-not/busca/nascimento,https://acervo.estadao.com.br/procura/busca.php?&busca=Carlos+Nascimento&decade=2010%7C2010&page=575
estadao,Carlos Fernando da Costa Almeida de Paiva Nascimento,Carlos+Nascimento,575,"15/02/2016, SEGUNDA-FEIRA, PÁGINA c8",https://acervo.estadao.com.br/pagina/#!/20160215-44680-spo-34-cd2-c8-not/busca/nascimento,https://acervo.estadao.com.br/procura/busca.php?&busca=Carlos+Nascimento&decade=2010%7C2010&page=575
estadao,Carlos Fernando da Costa Almeida de Paiva Nascimento,Carlos+Nascimento,576,"18/05/2010, TERÇA-FEIRA, PÁGINA espu2",https://acervo.estadao.com.br/pagina/#!/20100518-42581-spo-62-epl-espu2-not/busca/nascimento,https://acervo.estadao.com.br/procura/busca.php?&busca=Carlos+Nascimento&decade=2010%7C2010&page=576
estadao,Carlos Fernando da Costa Almeida de Paiva Nascimento,Carlos+Nascimento,576,"18/05/2010, TERÇA-FEIRA, PÁGINA a20",https://acervo.estadao.com.br/pagina/#!/20100518-42581-spo-20-ger-a20-not/busca/NASCIMENTO,https://acervo.estadao.com.br/procura/busca.php?&busca=Carlos+Nascimento&decade=2010%7C2010&page=576
estadao,Carlos Fernando da Costa Almeida de Paiva Nascimento,Carlos+Nascimento,576,"18/05/2010, TERÇA-FEIRA, PÁGINA a20",https://acervo.estadao.com.br/pagina/#!/20100518-42581-nac-20-ger-a20-not/busca/NASCIMENTO,https://acervo.estadao.com.br/procura/busca.php?&busca=Carlos+Nascimento&decade=2010%7C2010&page=576
estadao,Carlos Fernando da Costa Almeida de Paiva Nascimento,Carlos+Nascimento,576,"18/05/2010, TERÇA-FEIRA, PÁGINA espu2",https://acervo.estadao.com.br/pagina/#!/20100518-42581-nac-58-epl-espu2-not/busca/nascimento,https://acervo.estadao.com.br/procura/busca.php?&busca=Carlos+Nascimento&decade=2010%7C2010&page=576
estadao,Carlos Fernando da Costa Almeida de Paiva Nascimento,Carlos+Nascimento,576,"21/05/2010, SEXTA-FEIRA, PÁGINA d13",https://acervo.estadao.com.br/pagina/#!/20100521-42584-spo-60-cd2-d13-not/busca/Nascimento,https://acervo.estadao.com.br/procura/busca.php?&busca=Carlos+Nascimento&decade=2010%7C2010&page=576
estadao,Carlos Fernando da Costa Almeida de Paiva Nascimento,Carlos+Nascimento,576,"14/01/2010, QUINTA-FEIRA, PÁGINA e4",https://acervo.estadao.com.br/pagina/#!/20100114-42457-spo-78-esp-e4-not/busca/nascimento,https://acervo.estadao.com.br/procura/busca.php?&busca=Carlos+Nascimento&decade=2010%7C2010&page=576
estadao,Carlos Fernando da Costa Almeida de Paiva Nascimento,Carlos+Nascimento,576,"14/01/2010, QUINTA-FEIRA, PÁGINA d2",https://acervo.estadao.com.br/pagina/#!/20100114-42457-spo-64-cd2-d2-not/busca/nascimento,https://acervo.estadao.com.br/procura/busca.php?&busca=Carlos+Nascimento&decade=2010%7C2010&page=576
estadao,Carlos Fernando da Costa Almeida de Paiva Nascimento,Carlos+Nascimento,576,"14/01/2010, QUINTA-FEIRA, PÁGINA e4",https://acervo.estadao.com.br/pagina/#!/20100114-42457-nac-76-esp-e4-not/busca/nascimento,https://acervo.estadao.com.br/procura/busca.php?&busca=Carlos+Nascimento&decade=2010%7C2010&page=576
estadao,Carlos Fernando da Costa Almeida de Paiva Nascimento,Carlos+Nascimento,576,"14/01/2010, QUINTA-FEIRA, PÁGINA d2",https://acervo.estadao.com.br/pagina/#!/20100114-42457-nac-64-cd2-d2-not/busca/nascimento,https://acervo.estadao.com.br/procura/busca.php?&busca=Carlos+Nascimento&decade=2010%7C2010&page=576
estadao,Carlos Fernando da Costa Almeida de Paiva Nascimento,Carlos+Nascimento,576,"12/01/2010, TERÇA-FEIRA, PÁGINA b5",https://acervo.estadao.com.br/pagina/#!/20100112-42455-spo-19-eco-b5-not/busca/NASCIMENTO,https://acervo.estadao.com.br/procura/busca.php?&busca=Carlos+Nascimento&decade=2010%7C2010&page=576
estadao,Carlos Fernando da Costa Almeida de Paiva Nascimento,Carlos+Nascimento,577,"12/01/2010, TERÇA-FEIRA, PÁGINA b4",https://acervo.estadao.com.br/pagina/#!/20100112-42455-nac-18-eco-b4-not/busca/Nascimento,https://acervo.estadao.com.br/procura/busca.php?&busca=Carlos+Nascimento&decade=2010%7C2010&page=577
estadao,Carlos Fernando da Costa Almeida de Paiva Nascimento,Carlos+Nascimento,577,"12/01/2010, TERÇA-FEIRA, PÁGINA b5",https://acervo.estadao.com.br/pagina/#!/20100112-42455-nac-19-eco-b5-not/busca/NASCIMENTO,https://acervo.estadao.com.br/procura/busca.php?&busca=Carlos+Nascimento&decade=2010%7C2010&page=577
estadao,Carlos Fernando da Costa Almeida de Paiva Nascimento,Carlos+Nascimento,577,"19/01/2010, TERÇA-FEIRA, PÁGINA c4",https://acervo.estadao.com.br/pagina/#!/20100119-42462-spo-33-cid-c4-not/busca/Nascimento,https://acervo.estadao.com.br/procura/busca.php?&busca=Carlos+Nascimento&decade=2010%7C2010&page=577
estadao,Carlos Fernando da Costa Almeida de Paiva Nascimento,Carlos+Nascimento,577,"22/09/2010, QUARTA-FEIRA, PÁGINA a21",https://acervo.estadao.com.br/pagina/#!/20100922-42708-spo-21-ger-a21-not/busca/nascimento,https://acervo.estadao.com.br/procura/busca.php?&busca=Carlos+Nascimento&decade=2010%7C2010&page=577
estadao,Carlos Fernando da Costa Almeida de Paiva Nascimento,Carlos+Nascimento,577,"22/09/2010, QUARTA-FEIRA, PÁGINA a21",https://acervo.estadao.com.br/pagina/#!/20100922-42708-nac-21-ger-a21-not/busca/nascimento,https://acervo.estadao.com.br/procura/busca.php?&busca=Carlos+Nascimento&decade=2010%7C2010&page=577
estadao,Carlos Fernando da Costa Almeida de Paiva Nascimento,Carlos+Nascimento,577,"24/01/2010, DOMINGO, PÁGINA c6",https://acervo.estadao.com.br/pagina/#!/20100124-42467-nac-47-cid-c6-not/busca/nascimento,https://acervo.estadao.com.br/procura/busca.php?&busca=Carlos+Nascimento&decade=2010%7C2010&page=577
estadao,Carlos Fernando da Costa Almeida de Paiva Nascimento,Carlos+Nascimento,577,"09/01/2010, SÁBADO, PÁGINA c7",https://acervo.estadao.com.br/pagina/#!/20100109-42452-nac-36-cid-c7-not/busca/Nascimento,https://acervo.estadao.com.br/procura/busca.php?&busca=Carlos+Nascimento&decade=2010%7C2010&page=577
estadao,Carlos Fernando da Costa Almeida de Paiva Nascimento,Carlos+Nascimento,577,"21/01/2010, QUINTA-FEIRA, PÁGINA co2",https://acervo.estadao.com.br/pagina/#!/20100121-42464-spo-71-opr-co2-not/busca/nascimento,https://acervo.estadao.com.br/procura/busca.php?&busca=Carlos+Nascimento&decade=2010%7C2010&page=577
estadao,Carlos Fernando da Costa Almeida de Paiva Nascimento,Carlos+Nascimento,577,"21/01/2010, QUINTA-FEIRA, PÁGINA co2",https://acervo.estadao.com.br/pagina/#!/20100121-42464-nac-71-opr-co2-not/busca/nascimento,https://acervo.estadao.com.br/procura/busca.php?&busca=Carlos+Nascimento&decade=2010%7C2010&page=577
estadao,Carlos Fernando da Costa Almeida de Paiva Nascimento,Carlos+Nascimento,577,"20/01/2010, QUARTA-FEIRA, PÁGINA d6",https://acervo.estadao.com.br/pagina/#!/20100120-42463-spo-43-cd2-d6-not/busca/Nascimento,https://acervo.estadao.com.br/procura/busca.php?&busca=Carlos+Nascimento&decade=2010%7C2010&page=577
estadao,Carlos Fernando da Costa Almeida de Paiva Nascimento,Carlos+Nascimento,578,"20/01/2010, QUARTA-FEIRA, PÁGINA d6",https://acervo.estadao.com.br/pagina/#!/20100120-42463-nac-41-cd2-d6-not/busca/Nascimento,https://acervo.estadao.com.br/procura/busca.php?&busca=Carlos+Nascimento&decade=2010%7C2010&page=578
estadao,Carlos Fernando da Costa Almeida de Paiva Nascimento,Carlos+Nascimento,578,"04/01/2010, SEGUNDA-FEIRA, PÁGINA d7",https://acervo.estadao.com.br/pagina/#!/20100104-42447-spo-35-cd2-d7-not/busca/nascimento,https://acervo.estadao.com.br/procura/busca.php?&busca=Carlos+Nascimento&decade=2010%7C2010&page=578
estadao,Carlos Fernando da Costa Almeida de Paiva Nascimento,Carlos+Nascimento,578,"04/01/2010, SEGUNDA-FEIRA, PÁGINA d7",https://acervo.estadao.com.br/pagina/#!/20100104-42447-nac-35-cd2-d7-not/busca/nascimento,https://acervo.estadao.com.br/procura/busca.php?&busca=Carlos+Nascimento&decade=2010%7C2010&page=578
estadao,Carlos Fernando da Costa Almeida de Paiva Nascimento,Carlos+Nascimento,578,"16/05/2010, DOMINGO, PÁGINA co10",https://acervo.estadao.com.br/pagina/#!/20100516-42579-spo-161-opr-co10-not/busca/Nascimento,https://acervo.estadao.com.br/procura/busca.php?&busca=Carlos+Nascimento&decade=2010%7C2010&page=578
estadao,Carlos Fernando da Costa Almeida de Paiva Nascimento,Carlos+Nascimento,578,"16/05/2010, DOMINGO, PÁGINA co10",https://acervo.estadao.com.br/pagina/#!/20100516-42579-nac-161-opr-co10-not/busca/Nascimento,https://acervo.estadao.com.br/procura/busca.php?&busca=Carlos+Nascimento&decade=2010%7C2010&page=578
estadao,Carlos Fernando da Costa Almeida de Paiva Nascimento,Carlos+Nascimento,578,"27/05/2010, QUINTA-FEIRA, PÁGINA b5",https://acervo.estadao.com.br/pagina/#!/20100527-42590-spo-27-eco-b5-not/busca/nascimento,https://acervo.estadao.com.br/procura/busca.php?&busca=Carlos+Nascimento&decade=2010%7C2010&page=578
estadao,Carlos Fernando da Costa Almeida de Paiva Nascimento,Carlos+Nascimento,578,"27/05/2010, QUINTA-FEIRA, PÁGINA b5",https://acervo.estadao.com.br/pagina/#!/20100527-42590-nac-27-eco-b5-not/busca/nascimento,https://acervo.estadao.com.br/procura/busca.php?&busca=Carlos+Nascimento&decade=2010%7C2010&page=578
estadao,Carlos Fernando da Costa Almeida de Paiva Nascimento,Carlos+Nascimento,578,"29/01/2010, SEXTA-FEIRA, PÁGINA d10",https://acervo.estadao.com.br/pagina/#!/20100129-42472-spo-61-cd2-d10-not/busca/Nascimento,https://acervo.estadao.com.br/procura/busca.php?&busca=Carlos+Nascimento&decade=2010%7C2010&page=578
estadao,Carlos Fernando da Costa Almeida de Paiva Nascimento,Carlos+Nascimento,578,"29/01/2010, SEXTA-FEIRA, PÁGINA d10",https://acervo.estadao.com.br/pagina/#!/20100129-42472-nac-58-cd2-d10-not/busca/Nascimento,https://acervo.estadao.com.br/procura/busca.php?&busca=Carlos+Nascimento&decade=2010%7C2010&page=578
estadao,Carlos Fernando da Costa Almeida de Paiva Nascimento,Carlos+Nascimento,578,"13/01/2010, QUARTA-FEIRA, PÁGINA c4",https://acervo.estadao.com.br/pagina/#!/20100113-42456-nac-32-cid-c4-not/busca/Nascimento,https://acervo.estadao.com.br/procura/busca.php?&busca=Carlos+Nascimento&decade=2010%7C2010&page=578
estadao,Carlos Fernando da Costa Almeida de Paiva Nascimento,Carlos+Nascimento,579,"01/01/2016, SEXTA-FEIRA, PÁGINA a2",https://acervo.estadao.com.br/pagina/#!/20160101-44635-spo-2-opi-a2-not/busca/nascimento,https://acervo.estadao.com.br/procura/busca.php?&busca=Carlos+Nascimento&decade=2010%7C2010&page=579
estadao,Carlos Fernando da Costa Almeida de Paiva Nascimento,Carlos+Nascimento,579,"01/01/2016, SEXTA-FEIRA, PÁGINA a2",https://acervo.estadao.com.br/pagina/#!/20160101-44635-nac-2-opi-a2-not/busca/nascimento,https://acervo.estadao.com.br/procura/busca.php?&busca=Carlos+Nascimento&decade=2010%7C2010&page=579
estadao,Carlos Fernando da Costa Almeida de Paiva Nascimento,Carlos+Nascimento,579,"23/01/2016, SÁBADO, PÁGINA a2",https://acervo.estadao.com.br/pagina/#!/20160123-44657-spo-2-opi-a2-not/busca/nascimento,https://acervo.estadao.com.br/procura/busca.php?&busca=Carlos+Nascimento&decade=2010%7C2010&page=579
estadao,Carlos Fernando da Costa Almeida de Paiva Nascimento,Carlos+Nascimento,579,"23/01/2016, SÁBADO, PÁGINA a2",https://acervo.estadao.com.br/pagina/#!/20160123-44657-nac-2-opi-a2-not/busca/nascimento,https://acervo.estadao.com.br/procura/busca.php?&busca=Carlos+Nascimento&decade=2010%7C2010&page=579
estadao,Carlos Fernando da Costa Almeida de Paiva Nascimento,Carlos+Nascimento,579,"24/01/2016, DOMINGO, PÁGINA a21",https://acervo.estadao.com.br/pagina/#!/20160124-44658-nac-20-mrt-a21-not/busca/nascimento,https://acervo.estadao.com.br/procura/busca.php?&busca=Carlos+Nascimento&decade=2010%7C2010&page=579
estadao,Carlos Fernando da Costa Almeida de Paiva Nascimento,Carlos+Nascimento,579,"24/01/2016, DOMINGO, PÁGINA a21",https://acervo.estadao.com.br/pagina/#!/20160124-44658-spo-20-mrt-a21-not/busca/nascimento,https://acervo.estadao.com.br/procura/busca.php?&busca=Carlos+Nascimento&decade=2010%7C2010&page=579
estadao,Carlos Fernando da Costa Almeida de Paiva Nascimento,Carlos+Nascimento,579,"17/12/2015, QUINTA-FEIRA, PÁGINA ci05",https://acervo.estadao.com.br/pagina/#!/20151217-44620-nac-54-imo-ci05-not/busca/Nascimento,https://acervo.estadao.com.br/procura/busca.php?&busca=Carlos+Nascimento&decade=2010%7C2010&page=579
estadao,Carlos Fernando da Costa Almeida de Paiva Nascimento,Carlos+Nascimento,579,"17/12/2015, QUINTA-FEIRA, PÁGINA ci05",https://acervo.estadao.com.br/pagina/#!/20151217-44620-spo-54-imo-ci05-not/busca/Nascimento,https://acervo.estadao.com.br/procura/busca.php?&busca=Carlos+Nascimento&decade=2010%7C2010&page=579
estadao,Carlos Fernando da Costa Almeida de Paiva Nascimento,Carlos+Nascimento,579,"20/12/2015, DOMINGO, PÁGINA b9",https://acervo.estadao.com.br/pagina/#!/20151220-44623-spo-37-eco-b9-not/busca/Nascimento+Carlos,https://acervo.estadao.com.br/procura/busca.php?&busca=Carlos+Nascimento&decade=2010%7C2010&page=579
estadao,Carlos Fernando da Costa Almeida de Paiva Nascimento,Carlos+Nascimento,579,"20/12/2015, DOMINGO, PÁGINA b9",https://acervo.estadao.com.br/pagina/#!/20151220-44623-nac-37-eco-b9-not/busca/Nascimento+Carlos,https://acervo.estadao.com.br/procura/busca.php?&busca=Carlos+Nascimento&decade=2010%7C2010&page=579
estadao,Carlos Fernando da Costa Almeida de Paiva Nascimento,Carlos+Nascimento,580,"05/11/2015, QUINTA-FEIRA, PÁGINA a2",https://acervo.estadao.com.br/pagina/#!/20151105-44578-spo-2-opi-a2-not/busca/nascimento,https://acervo.estadao.com.br/procura/busca.php?&busca=Carlos+Nascimento&decade=2010%7C2010&page=580
estadao,Carlos Fernando da Costa Almeida de Paiva Nascimento,Carlos+Nascimento,580,"08/07/2014, TERÇA-FEIRA, PÁGINA b11",https://acervo.estadao.com.br/pagina/#!/20140708-44093-spo-27-eng-b11-not/busca/Nascimento,https://acervo.estadao.com.br/procura/busca.php?&busca=Carlos+Nascimento&decade=2010%7C2010&page=580
estadao,Carlos Fernando da Costa Almeida de Paiva Nascimento,Carlos+Nascimento,580,"08/07/2014, TERÇA-FEIRA, PÁGINA b11",https://acervo.estadao.com.br/pagina/#!/20140708-44093-nac-27-eng-b11-not/busca/Nascimento,https://acervo.estadao.com.br/procura/busca.php?&busca=Carlos+Nascimento&decade=2010%7C2010&page=580
estadao,Carlos Fernando da Costa Almeida de Paiva Nascimento,Carlos+Nascimento,580,"21/06/2014, SÁBADO, PÁGINA b2",https://acervo.estadao.com.br/pagina/#!/20140621-44076-spo-13-eng-b2-not/busca/Nascimento,https://acervo.estadao.com.br/procura/busca.php?&busca=Carlos+Nascimento&decade=2010%7C2010&page=580
estadao,Carlos Fernando da Costa Almeida de Paiva Nascimento,Carlos+Nascimento,580,"21/06/2014, SÁBADO, PÁGINA b2",https://acervo.estadao.com.br/pagina/#!/20140621-44076-nac-13-eng-b2-not/busca/Nascimento,https://acervo.estadao.com.br/procura/busca.php?&busca=Carlos+Nascimento&decade=2010%7C2010&page=580
estadao,Carlos Fernando da Costa Almeida de Paiva Nascimento,Carlos+Nascimento,580,"22/06/2014, DOMINGO, PÁGINA e8",https://acervo.estadao.com.br/pagina/#!/20140622-44077-spo-113-esp-e8-not/busca/nascimento,https://acervo.estadao.com.br/procura/busca.php?&busca=Carlos+Nascimento&decade=2010%7C2010&page=580
estadao,Carlos Fernando da Costa Almeida de Paiva Nascimento,Carlos+Nascimento,580,"22/06/2014, DOMINGO, PÁGINA e8",https://acervo.estadao.com.br/pagina/#!/20140622-44077-nac-113-esp-e8-not/busca/nascimento,https://acervo.estadao.com.br/procura/busca.php?&busca=Carlos+Nascimento&decade=2010%7C2010&page=580
estadao,Carlos Fernando da Costa Almeida de Paiva Nascimento,Carlos+Nascimento,580,"01/06/2014, DOMINGO, PÁGINA ci3",https://acervo.estadao.com.br/pagina/#!/20140601-44056-spo-76-imo-ci3-not/busca/nascimento,https://acervo.estadao.com.br/procura/busca.php?&busca=Carlos+Nascimento&decade=2010%7C2010&page=580
estadao,Carlos Fernando da Costa Almeida de Paiva Nascimento,Carlos+Nascimento,580,"02/06/2014, SEGUNDA-FEIRA, PÁGINA a13",https://acervo.estadao.com.br/pagina/#!/20140602-44057-nac-13-mrt-a13-not/busca/nascimento,https://acervo.estadao.com.br/procura/busca.php?&busca=Carlos+Nascimento&decade=2010%7C2010&page=580
estadao,Carlos Fernando da Costa Almeida de Paiva Nascimento,Carlos+Nascimento,580,"02/06/2014, SEGUNDA-FEIRA, PÁGINA a13",https://acervo.estadao.com.br/pagina/#!/20140602-44057-spo-13-mrt-a13-not/busca/nascimento,https://acervo.estadao.com.br/procura/busca.php?&busca=Carlos+Nascimento&decade=2010%7C2010&page=580
estadao,Carlos Fernando da Costa Almeida de Paiva Nascimento,Carlos+Nascimento,581,"18/07/2014, SEXTA-FEIRA, PÁGINA b7",https://acervo.estadao.com.br/pagina/#!/20140718-44103-nac-28-eng-b7-not/busca/Nascimento,https://acervo.estadao.com.br/procura/busca.php?&busca=Carlos+Nascimento&decade=2010%7C2010&page=581
estadao,Carlos Fernando da Costa Almeida de Paiva Nascimento,Carlos+Nascimento,581,"18/07/2014, SEXTA-FEIRA, PÁGINA b7",https://acervo.estadao.com.br/pagina/#!/20140718-44103-spo-28-eng-b7-not/busca/Nascimento,https://acervo.estadao.com.br/procura/busca.php?&busca=Carlos+Nascimento&decade=2010%7C2010&page=581
estadao,Carlos Fernando da Costa Almeida de Paiva Nascimento,Carlos+Nascimento,581,"12/12/2015, SÁBADO, PÁGINA c3",https://acervo.estadao.com.br/pagina/#!/20151212-44615-spo-44-cd2-c3-not/busca/nascimento,https://acervo.estadao.com.br/procura/busca.php?&busca=Carlos+Nascimento&decade=2010%7C2010&page=581
estadao,Carlos Fernando da Costa Almeida de Paiva Nascimento,Carlos+Nascimento,581,"04/07/2014, SEXTA-FEIRA, PÁGINA a3",https://acervo.estadao.com.br/pagina/#!/20140704-44089-nac-3-edi-a3-not/busca/NASCIMENTO,https://acervo.estadao.com.br/procura/busca.php?&busca=Carlos+Nascimento&decade=2010%7C2010&page=581
estadao,Carlos Fernando da Costa Almeida de Paiva Nascimento,Carlos+Nascimento,581,"04/07/2014, SEXTA-FEIRA, PÁGINA e2",https://acervo.estadao.com.br/pagina/#!/20140704-44089-nac-38-esp-e2-not/busca/nascimento,https://acervo.estadao.com.br/procura/busca.php?&busca=Carlos+Nascimento&decade=2010%7C2010&page=581
estadao,Carlos Fernando da Costa Almeida de Paiva Nascimento,Carlos+Nascimento,581,"04/07/2014, SEXTA-FEIRA, PÁGINA 68",https://acervo.estadao.com.br/pagina/#!/20140704-44089-nac-120-gui-68-not/busca/Nascimento,https://acervo.estadao.com.br/procura/busca.php?&busca=Carlos+Nascimento&decade=2010%7C2010&page=581
estadao,Carlos Fernando da Costa Almeida de Paiva Nascimento,Carlos+Nascimento,581,"04/07/2014, SEXTA-FEIRA, PÁGINA e2",https://acervo.estadao.com.br/pagina/#!/20140704-44089-spo-38-esp-e2-not/busca/nascimento,https://acervo.estadao.com.br/procura/busca.php?&busca=Carlos+Nascimento&decade=2010%7C2010&page=581
estadao,Carlos Fernando da Costa Almeida de Paiva Nascimento,Carlos+Nascimento,581,"04/07/2014, SEXTA-FEIRA, PÁGINA 68",https://acervo.estadao.com.br/pagina/#!/20140704-44089-spo-129-gui-68-not/busca/Nascimento,https://acervo.estadao.com.br/procura/busca.php?&busca=Carlos+Nascimento&decade=2010%7C2010&page=581
estadao,Carlos Fernando da Costa Almeida de Paiva Nascimento,Carlos+Nascimento,581,"04/07/2014, SEXTA-FEIRA, PÁGINA a3",https://acervo.estadao.com.br/pagina/#!/20140704-44089-spo-3-edi-a3-not/busca/NASCIMENTO,https://acervo.estadao.com.br/procura/busca.php?&busca=Carlos+Nascimento&decade=2010%7C2010&page=581
estadao,Carlos Fernando da Costa Almeida de Paiva Nascimento,Carlos+Nascimento,581,"01/06/2014, DOMINGO, PÁGINA ci3",https://acervo.estadao.com.br/pagina/#!/20140601-44056-nac-76-imo-ci3-not/busca/nascimento,https://acervo.estadao.com.br/procura/busca.php?&busca=Carlos+Nascimento&decade=2010%7C2010&page=581
estadao,Carlos Fernando da Costa Almeida de Paiva Nascimento,Carlos+Nascimento,582,"15/12/2016, QUINTA-FEIRA, PÁGINA c2",https://acervo.estadao.com.br/pagina/#!/20161215-44984-nac-48-cd2-c2-not/busca/nascimento+Carlos,https://acervo.estadao.com.br/procura/busca.php?&busca=Carlos+Nascimento&decade=2010%7C2010&page=582
estadao,Carlos Fernando da Costa Almeida de Paiva Nascimento,Carlos+Nascimento,582,"13/12/2016, TERÇA-FEIRA, PÁGINA a12",https://acervo.estadao.com.br/pagina/#!/20161213-44982-spo-12-mrt-a12-not/busca/Nascimento,https://acervo.estadao.com.br/procura/busca.php?&busca=Carlos+Nascimento&decade=2010%7C2010&page=582
estadao,Carlos Fernando da Costa Almeida de Paiva Nascimento,Carlos+Nascimento,582,"14/12/2016, QUARTA-FEIRA, PÁGINA c7",https://acervo.estadao.com.br/pagina/#!/20161214-44983-nac-45-cd2-c7-not/busca/Nascimento,https://acervo.estadao.com.br/procura/busca.php?&busca=Carlos+Nascimento&decade=2010%7C2010&page=582
estadao,Carlos Fernando da Costa Almeida de Paiva Nascimento,Carlos+Nascimento,582,"09/12/2016, SEXTA-FEIRA, PÁGINA q60",https://acervo.estadao.com.br/pagina/#!/20161209-44978-spo-105-gui-q60-not/busca/Nascimento,https://acervo.estadao.com.br/procura/busca.php?&busca=Carlos+Nascimento&decade=2010%7C2010&page=582
estadao,Carlos Fernando da Costa Almeida de Paiva Nascimento,Carlos+Nascimento,582,"09/12/2016, SEXTA-FEIRA, PÁGINA q60",https://acervo.estadao.com.br/pagina/#!/20161209-44978-nac-105-gui-q60-not/busca/Nascimento,https://acervo.estadao.com.br/procura/busca.php?&busca=Carlos+Nascimento&decade=2010%7C2010&page=582
estadao,Carlos Fernando da Costa Almeida de Paiva Nascimento,Carlos+Nascimento,582,"08/12/2016, QUINTA-FEIRA, PÁGINA a26",https://acervo.estadao.com.br/pagina/#!/20161208-44977-spo-25-mrt-a26-not/busca/Nascimento,https://acervo.estadao.com.br/procura/busca.php?&busca=Carlos+Nascimento&decade=2010%7C2010&page=582
estadao,Carlos Fernando da Costa Almeida de Paiva Nascimento,Carlos+Nascimento,582,"08/12/2016, QUINTA-FEIRA, PÁGINA a26",https://acervo.estadao.com.br/pagina/#!/20161208-44977-nac-25-mrt-a26-not/busca/Nascimento,https://acervo.estadao.com.br/procura/busca.php?&busca=Carlos+Nascimento&decade=2010%7C2010&page=582
estadao,Carlos Fernando da Costa Almeida de Paiva Nascimento,Carlos+Nascimento,582,"01/12/2016, QUINTA-FEIRA, PÁGINA b3",https://acervo.estadao.com.br/pagina/#!/20161201-44970-spo-30-eco-b3-not/busca/nascimento,https://acervo.estadao.com.br/procura/busca.php?&busca=Carlos+Nascimento&decade=2010%7C2010&page=582
estadao,Carlos Fernando da Costa Almeida de Paiva Nascimento,Carlos+Nascimento,582,"02/12/2016, SEXTA-FEIRA, PÁGINA c9",https://acervo.estadao.com.br/pagina/#!/20161202-44971-nac-49-cd2-c9-not/busca/NASCIMENTO,https://acervo.estadao.com.br/procura/busca.php?&busca=Carlos+Nascimento&decade=2010%7C2010&page=582
estadao,Carlos Fernando da Costa Almeida de Paiva Nascimento,Carlos+Nascimento,582,"02/12/2016, SEXTA-FEIRA, PÁGINA c9",https://acervo.estadao.com.br/pagina/#!/20161202-44971-spo-49-cd2-c9-not/busca/NASCIMENTO,https://acervo.estadao.com.br/procura/busca.php?&busca=Carlos+Nascimento&decade=2010%7C2010&page=582
estadao,Carlos Fernando da Costa Almeida de Paiva Nascimento,Carlos+Nascimento,583,"04/12/2016, DOMINGO, PÁGINA a23",https://acervo.estadao.com.br/pagina/#!/20161204-44973-nac-22-mrt-a23-not/busca/nascimento,https://acervo.estadao.com.br/procura/busca.php?&busca=Carlos+Nascimento&decade=2010%7C2010&page=583
estadao,Carlos Fernando da Costa Almeida de Paiva Nascimento,Carlos+Nascimento,583,"13/12/2016, TERÇA-FEIRA, PÁGINA a12",https://acervo.estadao.com.br/pagina/#!/20161213-44982-nac-12-mrt-a12-not/busca/Nascimento,https://acervo.estadao.com.br/procura/busca.php?&busca=Carlos+Nascimento&decade=2010%7C2010&page=583
estadao,Carlos Fernando da Costa Almeida de Paiva Nascimento,Carlos+Nascimento,583,"17/12/2016, SÁBADO, PÁGINA a2",https://acervo.estadao.com.br/pagina/#!/20161217-44986-spo-2-opi-a2-not/busca/nascimento,https://acervo.estadao.com.br/procura/busca.php?&busca=Carlos+Nascimento&decade=2010%7C2010&page=583
estadao,Carlos Fernando da Costa Almeida de Paiva Nascimento,Carlos+Nascimento,583,"17/12/2016, SÁBADO, PÁGINA c4",https://acervo.estadao.com.br/pagina/#!/20161217-44986-spo-39-cd2-c4-not/busca/nascimento,https://acervo.estadao.com.br/procura/busca.php?&busca=Carlos+Nascimento&decade=2010%7C2010&page=583
estadao,Carlos Fernando da Costa Almeida de Paiva Nascimento,Carlos+Nascimento,583,"17/12/2016, SÁBADO, PÁGINA c4",https://acervo.estadao.com.br/pagina/#!/20161217-44986-nac-39-cd2-c4-not/busca/nascimento,https://acervo.estadao.com.br/procura/busca.php?&busca=Carlos+Nascimento&decade=2010%7C2010&page=583
estadao,Carlos Fernando da Costa Almeida de Paiva Nascimento,Carlos+Nascimento,583,"17/12/2016, SÁBADO, PÁGINA a2",https://acervo.estadao.com.br/pagina/#!/20161217-44986-nac-2-opi-a2-not/busca/nascimento,https://acervo.estadao.com.br/procura/busca.php?&busca=Carlos+Nascimento&decade=2010%7C2010&page=583
estadao,Carlos Fernando da Costa Almeida de Paiva Nascimento,Carlos+Nascimento,583,"10/11/2016, QUINTA-FEIRA, PÁGINA c1",https://acervo.estadao.com.br/pagina/#!/20161110-44949-spo-39-cd2-c1-not/busca/Nascimento,https://acervo.estadao.com.br/procura/busca.php?&busca=Carlos+Nascimento&decade=2010%7C2010&page=583
estadao,Carlos Fernando da Costa Almeida de Paiva Nascimento,Carlos+Nascimento,583,"10/11/2016, QUINTA-FEIRA, PÁGINA c1",https://acervo.estadao.com.br/pagina/#!/20161110-44949-nac-39-cd2-c1-not/busca/Nascimento,https://acervo.estadao.com.br/procura/busca.php?&busca=Carlos+Nascimento&decade=2010%7C2010&page=583
estadao,Carlos Fernando da Costa Almeida de Paiva Nascimento,Carlos+Nascimento,583,"11/11/2016, SEXTA-FEIRA, PÁGINA q56",https://acervo.estadao.com.br/pagina/#!/20161111-44950-nac-103-gui-q56-not/busca/Nascimento,https://acervo.estadao.com.br/procura/busca.php?&busca=Carlos+Nascimento&decade=2010%7C2010&page=583
estadao,Carlos Fernando da Costa Almeida de Paiva Nascimento,Carlos+Nascimento,583,"02/03/2017, QUINTA-FEIRA, PÁGINA a13",https://acervo.estadao.com.br/pagina/#!/20170302-45061-nac-13-mrt-a13-not/busca/Nascimento,https://acervo.estadao.com.br/procura/busca.php?&busca=Carlos+Nascimento&decade=2010%7C2010&page=583
estadao,Carlos Fernando da Costa Almeida de Paiva Nascimento,Carlos+Nascimento,584,"02/03/2017, QUINTA-FEIRA, PÁGINA a13",https://acervo.estadao.com.br/pagina/#!/20170302-45061-spo-13-mrt-a13-not/busca/Nascimento,https://acervo.estadao.com.br/procura/busca.php?&busca=Carlos+Nascimento&decade=2010%7C2010&page=584
estadao,Carlos Fernando da Costa Almeida de Paiva Nascimento,Carlos+Nascimento,584,"20/01/2017, SEXTA-FEIRA, PÁGINA q51",https://acervo.estadao.com.br/pagina/#!/20170120-45020-nac-86-gui-q51-not/busca/nascimento,https://acervo.estadao.com.br/procura/busca.php?&busca=Carlos+Nascimento&decade=2010%7C2010&page=584
estadao,Carlos Fernando da Costa Almeida de Paiva Nascimento,Carlos+Nascimento,584,"20/01/2017, SEXTA-FEIRA, PÁGINA a3",https://acervo.estadao.com.br/pagina/#!/20170120-45020-nac-3-edi-a3-not/busca/NASCIMENTO,https://acervo.estadao.com.br/procura/busca.php?&busca=Carlos+Nascimento&decade=2010%7C2010&page=584
estadao,Carlos Fernando da Costa Almeida de Paiva Nascimento,Carlos+Nascimento,584,"20/01/2017, SEXTA-FEIRA, PÁGINA c6",https://acervo.estadao.com.br/pagina/#!/20170120-45020-spo-35-cd2-c6-not/busca/Nascimento,https://acervo.estadao.com.br/procura/busca.php?&busca=Carlos+Nascimento&decade=2010%7C2010&page=584
estadao,Carlos Fernando da Costa Almeida de Paiva Nascimento,Carlos+Nascimento,584,"20/01/2017, SEXTA-FEIRA, PÁGINA q51",https://acervo.estadao.com.br/pagina/#!/20170120-45020-spo-86-gui-q51-not/busca/nascimento,https://acervo.estadao.com.br/procura/busca.php?&busca=Carlos+Nascimento&decade=2010%7C2010&page=584
estadao,Carlos Fernando da Costa Almeida de Paiva Nascimento,Carlos+Nascimento,584,"20/01/2017, SEXTA-FEIRA, PÁGINA c6",https://acervo.estadao.com.br/pagina/#!/20170120-45020-nac-35-cd2-c6-not/busca/Nascimento,https://acervo.estadao.com.br/procura/busca.php?&busca=Carlos+Nascimento&decade=2010%7C2010&page=584
estadao,Carlos Fernando da Costa Almeida de Paiva Nascimento,Carlos+Nascimento,584,"20/01/2017, SEXTA-FEIRA, PÁGINA a3",https://acervo.estadao.com.br/pagina/#!/20170120-45020-spo-3-edi-a3-not/busca/NASCIMENTO,https://acervo.estadao.com.br/procura/busca.php?&busca=Carlos+Nascimento&decade=2010%7C2010&page=584
estadao,Carlos Fernando da Costa Almeida de Paiva Nascimento,Carlos+Nascimento,584,"19/01/2017, QUINTA-FEIRA, PÁGINA a4",https://acervo.estadao.com.br/pagina/#!/20170119-45019-nac-4-pol-a4-not/busca/nascimento,https://acervo.estadao.com.br/procura/busca.php?&busca=Carlos+Nascimento&decade=2010%7C2010&page=584
estadao,Carlos Fernando da Costa Almeida de Paiva Nascimento,Carlos+Nascimento,584,"19/01/2017, QUINTA-FEIRA, PÁGINA a4",https://acervo.estadao.com.br/pagina/#!/20170119-45019-spo-4-pol-a4-not/busca/nascimento,https://acervo.estadao.com.br/procura/busca.php?&busca=Carlos+Nascimento&decade=2010%7C2010&page=584
estadao,Carlos Fernando da Costa Almeida de Paiva Nascimento,Carlos+Nascimento,584,"17/01/2017, TERÇA-FEIRA, PÁGINA c5",https://acervo.estadao.com.br/pagina/#!/20170117-45017-spo-31-cd2-c5-not/busca/nascimento,https://acervo.estadao.com.br/procura/busca.php?&busca=Carlos+Nascimento&decade=2010%7C2010&page=584
estadao,Carlos Fernando da Costa Almeida de Paiva Nascimento,Carlos+Nascimento,586,"08/02/2019, SEXTA-FEIRA, PÁGINA q7",https://acervo.estadao.com.br/pagina/#!/20190208-45769-nac-41-gui-q7-not/busca/Nascimento,https://acervo.estadao.com.br/procura/busca.php?&busca=Carlos+Nascimento&decade=2010%7C2010&page=586
estadao,Carlos Fernando da Costa Almeida de Paiva Nascimento,Carlos+Nascimento,586,"08/02/2019, SEXTA-FEIRA, PÁGINA a4",https://acervo.estadao.com.br/pagina/#!/20190208-45769-nac-4-pol-a4-not/busca/Nascimento,https://acervo.estadao.com.br/procura/busca.php?&busca=Carlos+Nascimento&decade=2010%7C2010&page=586
estadao,Carlos Fernando da Costa Almeida de Paiva Nascimento,Carlos+Nascimento,586,"08/02/2019, SEXTA-FEIRA, PÁGINA a4",https://acervo.estadao.com.br/pagina/#!/20190208-45769-spo-4-pol-a4-not/busca/Nascimento,https://acervo.estadao.com.br/procura/busca.php?&busca=Carlos+Nascimento&decade=2010%7C2010&page=586
estadao,Carlos Fernando da Costa Almeida de Paiva Nascimento,Carlos+Nascimento,586,"08/02/2019, SEXTA-FEIRA, PÁGINA q7",https://acervo.estadao.com.br/pagina/#!/20190208-45769-spo-42-gui-q7-not/busca/Nascimento,https://acervo.estadao.com.br/procura/busca.php?&busca=Carlos+Nascimento&decade=2010%7C2010&page=586
estadao,Carlos Fernando da Costa Almeida de Paiva Nascimento,Carlos+Nascimento,586,"23/01/2019, QUARTA-FEIRA, PÁGINA b10",https://acervo.estadao.com.br/pagina/#!/20190123-45753-spo-26-eco-b10-not/busca/NASCIMENTO,https://acervo.estadao.com.br/procura/busca.php?&busca=Carlos+Nascimento&decade=2010%7C2010&page=586
estadao,Carlos Fernando da Costa Almeida de Paiva Nascimento,Carlos+Nascimento,586,"24/01/2019, QUINTA-FEIRA, PÁGINA c3",https://acervo.estadao.com.br/pagina/#!/20190124-45754-nac-35-cd2-c3-not/busca/nascimento,https://acervo.estadao.com.br/procura/busca.php?&busca=Carlos+Nascimento&decade=2010%7C2010&page=586
estadao,Carlos Fernando da Costa Almeida de Paiva Nascimento,Carlos+Nascimento,586,"24/01/2019, QUINTA-FEIRA, PÁGINA c3",https://acervo.estadao.com.br/pagina/#!/20190124-45754-spo-35-cd2-c3-not/busca/nascimento,https://acervo.estadao.com.br/procura/busca.php?&busca=Carlos+Nascimento&decade=2010%7C2010&page=586
estadao,Carlos Fernando da Costa Almeida de Paiva Nascimento,Carlos+Nascimento,586,"19/12/2018, QUARTA-FEIRA, PÁGINA a18",https://acervo.estadao.com.br/pagina/#!/20181219-45718-nac-17-mrt-a18-not/busca/Nascimento,https://acervo.estadao.com.br/procura/busca.php?&busca=Carlos+Nascimento&decade=2010%7C2010&page=586
estadao,Carlos Fernando da Costa Almeida de Paiva Nascimento,Carlos+Nascimento,586,"19/12/2018, QUARTA-FEIRA, PÁGINA a18",https://acervo.estadao.com.br/pagina/#!/20181219-45718-spo-17-mrt-a18-not/busca/Nascimento,https://acervo.estadao.com.br/procura/busca.php?&busca=Carlos+Nascimento&decade=2010%7C2010&page=586
estadao,Carlos Fernando da Costa Almeida de Paiva Nascimento,Carlos+Nascimento,586,"06/08/2018, SEGUNDA-FEIRA, PÁGINA a9",https://acervo.estadao.com.br/pagina/#!/20180806-45583-nac-9-pol-a9-not/busca/Nascimento,https://acervo.estadao.com.br/procura/busca.php?&busca=Carlos+Nascimento&decade=2010%7C2010&page=586
estadao,Carlos Fernando da Costa Almeida de Paiva Nascimento,Carlos+Nascimento,587,"03/05/2016, TERÇA-FEIRA, PÁGINA c5",https://acervo.estadao.com.br/pagina/#!/20160503-44758-nac-35-cd2-c5-not/busca/nascimento,https://acervo.estadao.com.br/procura/busca.php?&busca=Carlos+Nascimento&decade=2010%7C2010&page=587
estadao,Carlos Fernando da Costa Almeida de Paiva Nascimento,Carlos+Nascimento,587,"05/05/2016, QUINTA-FEIRA, PÁGINA b6",https://acervo.estadao.com.br/pagina/#!/20160505-44760-nac-30-eco-b6-not/busca/Nascimento,https://acervo.estadao.com.br/procura/busca.php?&busca=Carlos+Nascimento&decade=2010%7C2010&page=587
estadao,Carlos Fernando da Costa Almeida de Paiva Nascimento,Carlos+Nascimento,587,"05/05/2016, QUINTA-FEIRA, PÁGINA b6",https://acervo.estadao.com.br/pagina/#!/20160505-44760-spo-30-eco-b6-not/busca/Nascimento,https://acervo.estadao.com.br/procura/busca.php?&busca=Carlos+Nascimento&decade=2010%7C2010&page=587
estadao,Carlos Fernando da Costa Almeida de Paiva Nascimento,Carlos+Nascimento,587,"10/05/2016, TERÇA-FEIRA, PÁGINA a20",https://acervo.estadao.com.br/pagina/#!/20160510-44765-spo-20-mrt-a20-not/busca/Nascimento,https://acervo.estadao.com.br/procura/busca.php?&busca=Carlos+Nascimento&decade=2010%7C2010&page=587
estadao,Carlos Fernando da Costa Almeida de Paiva Nascimento,Carlos+Nascimento,587,"10/05/2016, TERÇA-FEIRA, PÁGINA a20",https://acervo.estadao.com.br/pagina/#!/20160510-44765-nac-20-mrt-a20-not/busca/Nascimento,https://acervo.estadao.com.br/procura/busca.php?&busca=Carlos+Nascimento&decade=2010%7C2010&page=587
estadao,Carlos Fernando da Costa Almeida de Paiva Nascimento,Carlos+Nascimento,587,"28/04/2016, QUINTA-FEIRA, PÁGINA b15",https://acervo.estadao.com.br/pagina/#!/20160428-44753-nac-39-eco-b15-not/busca/Nascimento,https://acervo.estadao.com.br/procura/busca.php?&busca=Carlos+Nascimento&decade=2010%7C2010&page=587
estadao,Carlos Fernando da Costa Almeida de Paiva Nascimento,Carlos+Nascimento,587,"26/04/2016, TERÇA-FEIRA, PÁGINA c3",https://acervo.estadao.com.br/pagina/#!/20160426-44751-spo-38-cd2-c3-not/busca/Nascimento,https://acervo.estadao.com.br/procura/busca.php?&busca=Carlos+Nascimento&decade=2010%7C2010&page=587
estadao,Carlos Fernando da Costa Almeida de Paiva Nascimento,Carlos+Nascimento,587,"26/04/2016, TERÇA-FEIRA, PÁGINA c3",https://acervo.estadao.com.br/pagina/#!/20160426-44751-nac-38-cd2-c3-not/busca/Nascimento,https://acervo.estadao.com.br/procura/busca.php?&busca=Carlos+Nascimento&decade=2010%7C2010&page=587
estadao,Carlos Fernando da Costa Almeida de Paiva Nascimento,Carlos+Nascimento,587,"01/05/2016, DOMINGO, PÁGINA a3",https://acervo.estadao.com.br/pagina/#!/20160501-44756-spo-3-edi-a3-not/busca/NASCIMENTO,https://acervo.estadao.com.br/procura/busca.php?&busca=Carlos+Nascimento&decade=2010%7C2010&page=587
estadao,Carlos Fernando da Costa Almeida de Paiva Nascimento,Carlos+Nascimento,587,"01/05/2016, DOMINGO, PÁGINA a3",https://acervo.estadao.com.br/pagina/#!/20160501-44756-nac-3-edi-a3-not/busca/NASCIMENTO,https://acervo.estadao.com.br/procura/busca.php?&busca=Carlos+Nascimento&decade=2010%7C2010&page=587
estadao,Carlos Fernando da Costa Almeida de Paiva Nascimento,Carlos+Nascimento,1,"21/05/2019, TERÇA-FEIRA, PÁGINA b7",https://acervo.estadao.com.br/pagina/#!/20190521-45871-spo-26-eco-b7-not/busca/Carlos+Nascimento,https://acervo.estadao.com.br/procura/busca.php?&busca=Carlos+Nascimento&decade=2010%7C2010&page=1
estadao,Carlos Fernando da Costa Almeida de Paiva Nascimento,Carlos+Nascimento,1,"21/05/2019, TERÇA-FEIRA, PÁGINA b7",https://acervo.estadao.com.br/pagina/#!/20190521-45871-nac-26-eco-b7-not/busca/Carlos+Nascimento,https://acervo.estadao.com.br/procura/busca.php?&busca=Carlos+Nascimento&decade=2010%7C2010&page=1
estadao,Carlos Fernando da Costa Almeida de Paiva Nascimento,Carlos+Nascimento,1,"29/07/2010, QUINTA-FEIRA, PÁGINA ci2",https://acervo.estadao.com.br/pagina/#!/20100729-42653-spo-52-imo-ci2-not/busca/Carlos+Nascimento,https://acervo.estadao.com.br/procura/busca.php?&busca=Carlos+Nascimento&decade=2010%7C2010&page=1
estadao,Carlos Fernando da Costa Almeida de Paiva Nascimento,Carlos+Nascimento,1,"29/07/2010, QUINTA-FEIRA, PÁGINA ci2",https://acervo.estadao.com.br/pagina/#!/20100729-42653-nac-52-imo-ci2-not/busca/Carlos+Nascimento,https://acervo.estadao.com.br/procura/busca.php?&busca=Carlos+Nascimento&decade=2010%7C2010&page=1
estadao,Carlos Fernando da Costa Almeida de Paiva Nascimento,Carlos+Nascimento,1,"05/11/2018, SEGUNDA-FEIRA, PÁGINA b4",https://acervo.estadao.com.br/pagina/#!/20181105-45674-spo-20-eco-b4-not/busca/Carlos+Nascimento,https://acervo.estadao.com.br/procura/busca.php?&busca=Carlos+Nascimento&decade=2010%7C2010&page=1
estadao,Carlos Fernando da Costa Almeida de Paiva Nascimento,Carlos+Nascimento,1,"05/11/2018, SEGUNDA-FEIRA, PÁGINA b4",https://acervo.estadao.com.br/pagina/#!/20181105-45674-nac-20-eco-b4-not/busca/Carlos+Nascimento,https://acervo.estadao.com.br/procura/busca.php?&busca=Carlos+Nascimento&decade=2010%7C2010&page=1
estadao,Carlos Fernando da Costa Almeida de Paiva Nascimento,Carlos+Nascimento,1,"24/08/2012, SEXTA-FEIRA, PÁGINA c4",https://acervo.estadao.com.br/pagina/#!/20120824-43410-nac-39-cid-c4-not/busca/Carlos+Nascimento,https://acervo.estadao.com.br/procura/busca.php?&busca=Carlos+Nascimento&decade=2010%7C2010&page=1
estadao,Carlos Fernando da Costa Almeida de Paiva Nascimento,Carlos+Nascimento,1,"24/08/2012, SEXTA-FEIRA, PÁGINA c8",https://acervo.estadao.com.br/pagina/#!/20120824-43410-spo-45-cid-c8-not/busca/Carlos+Nascimento,https://acervo.estadao.com.br/procura/busca.php?&busca=Carlos+Nascimento&decade=2010%7C2010&page=1
estadao,Carlos Fernando da Costa Almeida de Paiva Nascimento,Carlos+Nascimento,1,"03/02/2018, SÁBADO, PÁGINA h2",https://acervo.estadao.com.br/pagina/#!/20180203-45399-nac-42-mrt-h2-not/busca/Carlos+Nascimento,https://acervo.estadao.com.br/procura/busca.php?&busca=Carlos+Nascimento&decade=2010%7C2010&page=1
estadao,Carlos Fernando da Costa Almeida de Paiva Nascimento,Carlos+Nascimento,1,"03/02/2018, SÁBADO, PÁGINA h2",https://acervo.estadao.com.br/pagina/#!/20180203-45399-spo-42-mrt-h2-not/busca/Carlos+Nascimento,https://acervo.estadao.com.br/procura/busca.php?&busca=Carlos+Nascimento&decade=2010%7C2010&page=1
estadao,Carlos Fernando da Costa Almeida de Paiva Nascimento,Carlos+Nascimento,2,"25/01/2019, SEXTA-FEIRA, PÁGINA h3",https://acervo.estadao.com.br/pagina/#!/20190125-45755-spo-53-epl-h3-not/busca/Carlos+Nascimento,https://acervo.estadao.com.br/procura/busca.php?&busca=Carlos+Nascimento&decade=2010%7C2010&page=2
estadao,Carlos Fernando da Costa Almeida de Paiva Nascimento,Carlos+Nascimento,2,"25/01/2019, SEXTA-FEIRA, PÁGINA h3",https://acervo.estadao.com.br/pagina/#!/20190125-45755-nac-53-epl-h3-not/busca/Carlos+Nascimento,https://acervo.estadao.com.br/procura/busca.php?&busca=Carlos+Nascimento&decade=2010%7C2010&page=2
estadao,Carlos Fernando da Costa Almeida de Paiva Nascimento,Carlos+Nascimento,2,"18/07/2012, QUARTA-FEIRA, PÁGINA b5",https://acervo.estadao.com.br/pagina/#!/20120718-43373-nac-21-eco-b5-not/busca/Carlos+Nascimento,https://acervo.estadao.com.br/procura/busca.php?&busca=Carlos+Nascimento&decade=2010%7C2010&page=2
estadao,Carlos Fernando da Costa Almeida de Paiva Nascimento,Carlos+Nascimento,2,"18/07/2012, QUARTA-FEIRA, PÁGINA b5",https://acervo.estadao.com.br/pagina/#!/20120718-43373-spo-21-eco-b5-not/busca/Carlos+Nascimento,https://acervo.estadao.com.br/procura/busca.php?&busca=Carlos+Nascimento&decade=2010%7C2010&page=2
estadao,Carlos Fernando da Costa Almeida de Paiva Nascimento,Carlos+Nascimento,2,"14/07/2017, SEXTA-FEIRA, PÁGINA b4",https://acervo.estadao.com.br/pagina/#!/20170714-45195-nac-24-eco-b4-not/busca/CARLOS+NASCIMENTO,https://acervo.estadao.com.br/procura/busca.php?&busca=Carlos+Nascimento&decade=2010%7C2010&page=2
estadao,Carlos Fernando da Costa Almeida de Paiva Nascimento,Carlos+Nascimento,2,"14/07/2017, SEXTA-FEIRA, PÁGINA b4",https://acervo.estadao.com.br/pagina/#!/20170714-45195-spo-24-eco-b4-not/busca/CARLOS+NASCIMENTO,https://acervo.estadao.com.br/procura/busca.php?&busca=Carlos+Nascimento&decade=2010%7C2010&page=2
estadao,Carlos Fernando da Costa Almeida de Paiva Nascimento,Carlos+Nascimento,2,"03/02/2016, QUARTA-FEIRA, PÁGINA h2",https://acervo.estadao.com.br/pagina/#!/20160203-44668-nac-68-mrt-h2-not/busca/Carlos+Nascimento,https://acervo.estadao.com.br/procura/busca.php?&busca=Carlos+Nascimento&decade=2010%7C2010&page=2
estadao,Carlos Fernando da Costa Almeida de Paiva Nascimento,Carlos+Nascimento,2,"03/02/2016, QUARTA-FEIRA, PÁGINA h2",https://acervo.estadao.com.br/pagina/#!/20160203-44668-spo-68-mrt-h2-not/busca/Carlos+Nascimento,https://acervo.estadao.com.br/procura/busca.php?&busca=Carlos+Nascimento&decade=2010%7C2010&page=2
estadao,Carlos Fernando da Costa Almeida de Paiva Nascimento,Carlos+Nascimento,2,"31/01/2015, SÁBADO, PÁGINA h5",https://acervo.estadao.com.br/pagina/#!/20150131-44300-nac-97-mrt-h5-not/busca/Nascimento,https://acervo.estadao.com.br/procura/busca.php?&busca=Carlos+Nascimento&decade=2010%7C2010&page=2
estadao,Carlos Fernando da Costa Almeida de Paiva Nascimento,Carlos+Nascimento,2,"31/01/2015, SÁBADO, PÁGINA h5",https://acervo.estadao.com.br/pagina/#!/20150131-44300-spo-97-mrt-h5-not/busca/Nascimento,https://acervo.estadao.com.br/procura/busca.php?&busca=Carlos+Nascimento&decade=2010%7C2010&page=2
estadao,Carlos Fernando da Costa Almeida de Paiva Nascimento,Carlos+Nascimento,3,"07/02/2014, SEXTA-FEIRA, PÁGINA x5",https://acervo.estadao.com.br/pagina/#!/20140207-43942-nac-46-mrt-x5-not/busca/Carlos+Nascimento,https://acervo.estadao.com.br/procura/busca.php?&busca=Carlos+Nascimento&decade=2010%7C2010&page=3
estadao,Carlos Fernando da Costa Almeida de Paiva Nascimento,Carlos+Nascimento,3,"07/02/2014, SEXTA-FEIRA, PÁGINA x5",https://acervo.estadao.com.br/pagina/#!/20140207-43942-spo-46-mrt-x5-not/busca/Carlos+Nascimento,https://acervo.estadao.com.br/procura/busca.php?&busca=Carlos+Nascimento&decade=2010%7C2010&page=3
estadao,Carlos Fernando da Costa Almeida de Paiva Nascimento,Carlos+Nascimento,3,"29/05/2011, DOMINGO, PÁGINA t6",https://acervo.estadao.com.br/pagina/#!/20110529-42957-spo-222-tel-t6-not/busca/Carlos+Nascimento,https://acervo.estadao.com.br/procura/busca.php?&busca=Carlos+Nascimento&decade=2010%7C2010&page=3
estadao,Carlos Fernando da Costa Almeida de Paiva Nascimento,Carlos+Nascimento,3,"29/05/2011, DOMINGO, PÁGINA t6",https://acervo.estadao.com.br/pagina/#!/20110529-42957-nac-222-tel-t6-not/busca/Carlos+Nascimento,https://acervo.estadao.com.br/procura/busca.php?&busca=Carlos+Nascimento&decade=2010%7C2010&page=3
estadao,Carlos Fernando da Costa Almeida de Paiva Nascimento,Carlos+Nascimento,3,"13/09/2015, DOMINGO, PÁGINA a18",https://acervo.estadao.com.br/pagina/#!/20150913-44525-spo-18-mrt-a18-not/busca/Carlos+Nascimento,https://acervo.estadao.com.br/procura/busca.php?&busca=Carlos+Nascimento&decade=2010%7C2010&page=3
estadao,Carlos Fernando da Costa Almeida de Paiva Nascimento,Carlos+Nascimento,3,"13/09/2015, DOMINGO, PÁGINA a18",https://acervo.estadao.com.br/pagina/#!/20150913-44525-nac-18-mrt-a18-not/busca/Carlos+Nascimento,https://acervo.estadao.com.br/procura/busca.php?&busca=Carlos+Nascimento&decade=2010%7C2010&page=3
estadao,Carlos Fernando da Costa Almeida de Paiva Nascimento,Carlos+Nascimento,3,"26/09/2016, SEGUNDA-FEIRA, PÁGINA d3",https://acervo.estadao.com.br/pagina/#!/20160926-44904-nac-37-esp-d3-not/busca/Carlos+Nascimento,https://acervo.estadao.com.br/procura/busca.php?&busca=Carlos+Nascimento&decade=2010%7C2010&page=3
estadao,Carlos Fernando da Costa Almeida de Paiva Nascimento,Carlos+Nascimento,3,"26/09/2016, SEGUNDA-FEIRA, PÁGINA d3",https://acervo.estadao.com.br/pagina/#!/20160926-44904-spo-37-esp-d3-not/busca/Carlos+Nascimento,https://acervo.estadao.com.br/procura/busca.php?&busca=Carlos+Nascimento&decade=2010%7C2010&page=3
estadao,Carlos Fernando da Costa Almeida de Paiva Nascimento,Carlos+Nascimento,3,"22/02/2013, SEXTA-FEIRA, PÁGINA b7",https://acervo.estadao.com.br/pagina/#!/20130222-43592-nac-26-eco-b7-not/busca/Carlos+Nascimento,https://acervo.estadao.com.br/procura/busca.php?&busca=Carlos+Nascimento&decade=2010%7C2010&page=3
estadao,Carlos Fernando da Costa Almeida de Paiva Nascimento,Carlos+Nascimento,3,"22/02/2013, SEXTA-FEIRA, PÁGINA b7",https://acervo.estadao.com.br/pagina/#!/20130222-43592-spo-26-eco-b7-not/busca/Carlos+Nascimento,https://acervo.estadao.com.br/procura/busca.php?&busca=Carlos+Nascimento&decade=2010%7C2010&page=3
